Python,SQL,Machine_Learning,Deep_Learning,NLP,Data_Analysis,Power_BI,Web_Development,Java,Cloud_Computing,Career
1,1,1,1,0,1,0,0,0,1,Machine Learning Engineer
1,1,1,1,1,0,0,0,0,1,Machine Learning Engineer
1,0,1,1,1,0,0,0,0,1,AI Engineer
1,1,1,0,1,1,0,0,0,0,Data Scientist
1,1,1,0,0,1,1,0,0,0,Data Scientist
1,1,0,0,0,1,1,0,0,0,Data Analyst
1,1,0,0,0,1,1,0,0,1,Data Analyst
1,0,0,0,0,0,0,1,0,0,Web Developer
1,0,0,0,0,0,0,1,1,0,Web Developer
0,1,0,0,0,0,0,0,1,0,Software Developer
0,1,0,0,0,0,0,1,1,0,Software Developer
1,1,1,1,0,1,0,0,0,0,Machine Learning Engineer
1,0,1,1,0,0,0,0,0,1,Machine Learning Engineer
1,0,1,1,1,0,0,0,0,0,AI Engineer
1,0,1,0,1,0,0,0,0,1,AI Engineer
1,1,1,0,1,1,0,0,0,1,Data Scientist
1,1,1,0,0,1,0,0,0,0,Data Scientist
1,1,0,0,0,1,1,0,0,0,Data Analyst
1,1,0,0,0,1,1,0,0,1,Data Analyst
1,0,0,0,0,0,0,1,0,0,Web Developer
1,0,0,0,0,0,0,1,1,0,Web Developer
0,0,0,0,0,0,0,1,1,0,Software Developer
1,0,0,0,0,0,0,0,1,0,Software Developer
1,1,1,1,1,0,0,0,0,1,Machine Learning Engineer
1,1,1,1,0,1,0,0,0,1,Machine Learning Engineer
1,0,1,1,1,1,0,0,0,0,AI Engineer
1,0,1,1,1,0,0,0,0,1,AI Engineer
1,1,1,0,1,1,0,0,0,0,Data Scientist
1,1,1,0,0,1,1,0,0,0,Data Scientist
1,1,0,0,0,1,1,0,0,0,Data Analyst
1,1,0,0,0,1,1,0,0,1,Data Analyst
1,0,0,0,0,0,0,1,0,0,Web Developer
1,0,0,0,0,0,0,1,1,0,Web Developer
0,1,0,0,0,0,0,0,1,0,Software Developer
0,1,0,0,0,0,0,1,1,0,Software Developer
1,1,1,1,0,0,0,0,0,1,Machine Learning Engineer
1,0,1,1,1,0,0,0,0,0,AI Engineer
1,1,1,0,1,1,0,0,0,1,Data Scientist
1,1,0,0,0,1,1,0,0,0,Data Analyst
1,0,0,0,0,0,0,1,1,0,Web Developer
0,1,0,0,0,0,0,1,1,0,Software Developer